psu_id,priority_level,mapgrid_nr,lat_degrees,lon_degrees,strat,prot,mpa_nr,psu_depth,subregion_nr,habitat_cd,depth_class,rugosity_class,strat_nr
2000,1,544561,24.649232,-83.0618296,DT04,0,0,15.4,3,CONT_LR,D2,R2,1
2001,1,502522,24.6369864,-83.0660731,DT04,0,0,16.2,3,CONT_LR,D2,R2,1
2002,1,533678,24.6464165,-83.0365955,DT04,0,0,17.6,3,CONT_LR,D2,R1,1
2003,1,519608,24.6420047,-83.0622048,DT04,0,0,15.8,3,ISOL_LR,D2,R1,1
2004,1,518038,24.6414448,-83.0700973,DT04,0,0,16.5,3,CONT_LR,D2,R2,1
2005,1,482487,24.6315172,-83.0368477,DT04,0,0,15.8,3,CONT_LR,D2,R2,1
2006,1,465516,24.6261692,-83.0649076,DT04,0,0,15.8,3,CONT_LR,D2,R2,1
2007,1,479356,24.6302985,-83.0600373,DT04,0,0,16.5,3,CONT_LR,D2,R1,1
2008,1,415346,24.6111682,-83.0725609,DT04,0,0,16.7,3,CONT_LR,D2,R1,1
2009,1,400307,24.6067165,-83.0680441,DT04,0,0,16.8,3,CONT_LR,D2,R2,1
2010,1,422958,24.6137358,-83.0498908,DT04,0,0,21.2,3,CONT_LR,D2,R1,1
2011,1,482426,24.6311061,-83.066964,DT04,0,0,16.4,3,CONT_LR,D2,R2,1
2012,1,513362,24.6399956,-83.0769873,DT04,0,0,16.5,3,ISOL_LR,D2,R1,1
2013,1,513445,24.6405564,-83.0360066,DT04,0,0,16.5,3,CONT_LR,D2,R1,1
2014,1,488673,24.6334425,-83.0279899,DT04,0,0,17.7,3,CONT_LR,D2,R1,1
2015,1,502478,24.6366862,-83.0877969,DT05,0,0,15.9,3,CONT_LR,D2,R4,2
2016,1,482386,24.6308333,-83.086712,DT05,0,0,16.6,3,CONT_LR,D2,R4,2
2017,1,415339,24.6111206,-83.0760163,DT05,0,0,16.1,3,CONT_LR,D2,R3,2
2018,1,456287,24.6230724,-83.0930023,DT05,0,0,20.8,3,CONT_LR,D2,R3,2
2019,1,404786,24.6079684,-83.0754705,DT05,0,0,16.8,3,CONT_LR,D2,R4,2
2020,1,493266,24.6345219,-83.0482546,DT05,0,0,14.6,3,CONT_LR,D2,R3,2
2021,1,442571,24.6190522,-83.0899727,DT05,0,0,16.7,3,CONT_LR,D2,R4,2
2022,1,477782,24.6296299,-83.0758283,DT05,0,0,13.1,3,CONT_LR,D2,R4,2
2023,1,511803,24.6395102,-83.0794485,DT05,0,0,15.7,3,CONT_MR,D2,R3,2
2024,1,432041,24.6165174,-83.0445048,DT05,0,0,17.3,3,CONT_LR,D2,R3,2
2025,1,479363,24.6303458,-83.0565814,DT05,0,0,14.1,3,CONT_LR,D2,R3,2
2026,1,438019,24.6177395,-83.0869883,DT05,0,0,15.8,3,CONT_LR,D2,R4,2
2027,1,398794,24.6061633,-83.0754407,DT05,0,0,16.7,3,CONT_LR,D2,R4,2
2028,1,421414,24.613082,-83.0646925,DT05,0,0,15,3,CONT_MR,D2,R4,2
2029,1,476234,24.6291103,-83.0807577,DT05,0,0,15.2,3,CONT_LR,D2,R3,2
2030,1,454835,24.6231252,-83.0564632,DT05,0,0,15.5,3,CONT_LR,D2,R3,2
2031,1,538279,24.6471956,-83.0785881,DT05,0,0,16.3,3,CONT_MR,D2,R4,2
2032,1,517997,24.6411646,-83.0903407,DT05,0,0,18.2,3,CONT_LR,D2,R4,2
2033,1,466997,24.6262588,-83.0910802,DT05,0,0,19.3,3,ISOL_LR,D2,R4,2
2034,1,413833,24.6106965,-83.0740343,DT05,0,0,15.8,3,CONT_LR,D2,R3,2
2035,1,361706,24.5952464,-83.0486021,DT07,0,0,27,3,CONT_LR,D3,R1,3
2036,1,496249,24.6346815,-83.1020845,DT07,0,0,23.1,3,CONT_MR,D3,R2,3
2037,1,296685,24.5737186,-83.0714506,DT07,0,0,29.6,3,CONT_LR,D3,R1,3
2038,1,410904,24.6104066,-83.0290994,DT07,0,0,32.6,3,ISOL_MR,D3,R1,3
2039,1,357350,24.5939194,-83.0466058,DT07,0,0,27.3,3,CONT_LR,D3,R1,3
2040,1,351581,24.5920807,-83.0490442,DT07,0,0,27.5,3,CONT_LR,D3,R1,3
2041,1,529027,24.6452161,-83.0252168,DT07,0,0,22.5,3,CONT_LR,D3,R2,3
2042,1,513474,24.6407497,-83.0216877,DT07,0,0,25.3,3,ISOL_MR,D3,R1,3
2043,1,392769,24.6041326,-83.0916995,DT07,0,0,29.1,3,CONT_LR,D3,R1,3
2044,1,388394,24.6035839,-83.032939,DT07,0,0,32.8,3,ISOL_MR,D3,R1,3
2045,1,462388,24.6248018,-83.0984627,DT07,0,0,22.8,3,CONT_LR,D3,R2,3
2046,1,407868,24.6093437,-83.0409319,DT07,0,0,23.5,3,CONT_LR,D3,R1,3
2047,1,319433,24.5816203,-83.0547974,DT07,0,0,29.3,3,CONT_LR,D3,R1,3
2048,1,525959,24.644631,-83.0015011,DT07,0,0,32.5,3,CONT_LR,D3,R1,3
2049,1,450169,24.621171,-83.0998834,DT07,0,0,23.7,3,CONT_MR,D3,R2,3
2050,1,508836,24.6395547,-83.0098158,DT08,0,0,29.9,3,REEF_HR,D3,R4,4
2051,1,379385,24.6005744,-83.0551069,DT08,0,0,24,3,CONT_MR,D3,R4,4
2052,1,519712,24.6427006,-83.0108539,DT08,0,0,30.3,3,ISOL_MR,D3,R4,4
2053,1,371987,24.5985061,-83.0412498,DT08,0,0,28.5,3,CONT_LR,D3,R4,4
2054,1,508824,24.6394754,-83.0157409,DT08,0,0,30.1,3,ISOL_MR,D3,R4,4
2055,1,525939,24.6444992,-83.0113766,DT08,0,0,30.6,3,ISOL_LR,D3,R4,4
2056,1,536893,24.6479214,-82.9916756,DT08,0,0,31.3,3,REEF_MR,D3,R3,4
2057,1,364663,24.5964231,-83.0283801,DT08,0,0,31.8,3,REEF_MR,D3,R3,4
2058,1,501065,24.6371592,-83.0201483,DT08,0,0,29.5,3,ISOL_MR,D3,R4,4
2059,1,543092,24.6494039,-83.0159003,DT08,0,0,27.2,3,ISOL_MR,D3,R4,4
2060,1,586534,24.6621982,-83.0378396,DT04,1,24,19.1,3,CONT_LR,D2,R2,5
2061,1,588921,24.6630672,-83.0403234,DT04,1,24,19.7,3,CONT_LR,D2,R2,5
2062,1,581448,24.6602991,-83.0447238,DT04,1,24,18.1,3,CONT_LR,D2,R2,5
2063,1,641291,24.6956672,-82.9993514,DT04,1,24,20.3,3,CONT_LR,D2,R2,5
2064,1,619537,24.681677,-82.9991282,DT04,1,24,20.8,3,ISOL_LR,D2,R2,5
2065,1,563345,24.6545388,-83.0698194,DT04,1,24,17.4,3,ISOL_LR,D2,R2,5
2066,1,581360,24.6597012,-83.0881798,DT04,1,24,21.4,3,CONT_LR,D2,R2,5
2067,1,596776,24.666644,-83.0428514,DT04,1,24,19.3,3,CONT_LR,D2,R2,5
2068,1,601235,24.6692911,-83.0473403,DT04,1,24,18.5,3,CONT_LR,D2,R2,5
2069,1,615252,24.6783505,-83.0450182,DT04,1,24,20.2,3,CONT_LR,D2,R2,5
2070,1,565001,24.6555692,-83.0273596,DT04,1,24,18.3,3,CONT_LR,D2,R1,5
2071,1,547719,24.6503371,-83.047031,DT04,1,24,17.3,3,CONT_LR,D2,R1,5
2072,1,589968,24.6634715,-83.0437876,DT04,1,24,19,3,CONT_LR,D2,R2,5
2073,1,547691,24.6501481,-83.0608569,DT04,1,24,15.7,3,CONT_LR,D2,R1,5
2074,1,645398,24.6976478,-83.0532386,DT05,1,24,20.5,3,CONT_HR,D2,R4,6
2075,1,593942,24.6646102,-83.0922131,DT05,1,24,20.9,3,CONT_MR,D2,R4,6
2076,1,646835,24.6987725,-83.0369521,DT05,1,24,21.4,3,CONT_LR,D2,R4,6
2077,1,603992,24.6707235,-83.0745322,DT05,1,24,20.5,3,CONT_LR,D2,R3,6
2078,1,567999,24.655509,-83.0974943,DT05,1,24,21.1,3,CONT_HR,D2,R4,6
2079,1,672744,24.7166172,-82.9853552,DT05,1,24,17.7,3,CONT_LR,D2,R4,6
2080,1,599023,24.6676531,-83.06806,DT05,1,24,19,3,CONT_LR,D2,R4,6
2081,1,569604,24.6562006,-83.080219,DT05,1,24,17.7,3,ISOL_MR,D2,R4,6
2082,1,592022,24.6640088,-83.0704696,DT05,1,24,17.9,3,ISOL_HR,D2,R4,6
2083,1,550862,24.6513136,-83.041614,DT05,1,24,18.7,3,CONT_LR,D2,R4,6
2084,1,621496,24.6820463,-83.0717555,DT05,1,24,18.5,3,CONT_MR,D2,R4,6
2085,1,557010,24.6523294,-83.0989228,DT05,1,24,21.1,3,CONT_HR,D2,R3,6
2086,1,564885,24.6547852,-83.0846407,DT05,1,24,16.6,3,ISOL_HR,D2,R4,6
2087,1,613942,24.6780205,-83.0025279,DT05,1,24,18.8,3,CONT_LR,D2,R4,6
2088,1,553964,24.6520142,-83.0564424,DT05,1,24,15.8,3,CONT_LR,D2,R4,6
2089,1,615966,24.6789092,-83.0371232,DT05,1,24,18.8,3,ISOL_HR,D2,R4,6
2090,1,663417,24.7101482,-82.9966179,DT05,1,24,15.9,3,CONT_MR,D2,R4,6
2091,1,575695,24.6578343,-83.092594,DT05,1,24,21.8,3,CONT_LR,D2,R4,6
2092,1,602627,24.6700858,-83.0552568,DT05,1,24,18,3,ISOL_LR,D2,R4,6
2093,1,614518,24.6776559,-83.062791,DT05,1,24,20,3,ISOL_HR,D2,R4,6
2094,1,672742,24.7166041,-82.9863433,DT05,1,24,17.5,3,CONT_LR,D2,R4,6
2095,1,650301,24.7009214,-83.0448926,DT05,1,24,21.2,3,CONT_MR,D2,R4,6
2096,1,563324,24.6543955,-83.0801891,DT05,1,24,17.7,3,ISOL_MR,D2,R4,6
2097,1,625049,24.6845944,-83.0505544,DT05,1,24,21.7,3,ISOL_HR,D2,R4,6
2098,1,609578,24.6742106,-83.0834816,DT05,1,24,20.9,3,CONT_HR,D2,R4,6
2099,1,593211,24.6653644,-83.0038077,DT05,1,24,21.2,3,CONT_LR,D2,R4,6
2100,1,664772,24.711123,-82.9911978,DT05,1,24,14.5,3,CONT_LR,D2,R4,6
2101,1,601883,24.6693764,-83.074016,DT05,1,24,20.6,3,CONT_LR,D2,R3,6
2102,1,653865,24.70383,-82.9965171,DT05,1,24,18.4,3,CONT_LR,D2,R4,6
2103,1,568004,24.6555435,-83.0950253,DT05,1,24,21.5,3,CONT_HR,D2,R3,6
2104,1,605379,24.6715098,-83.0829428,DT05,1,24,21.5,3,CONT_MR,D2,R3,6
2105,1,646121,24.6982407,-83.0428725,DT05,1,24,21.6,3,CONT_HR,D2,R4,6
2106,1,566434,24.6550922,-83.0950178,DT05,1,24,21.4,3,CONT_HR,D2,R3,6
2107,1,613837,24.6773198,-83.0543874,DT05,1,24,18.2,3,ISOL_HR,D2,R3,6
2108,1,655140,24.7040333,-83.0484022,DT05,1,24,21.5,3,CONT_HR,D2,R4,6
2109,1,610331,24.6750093,-83.0583015,DT05,1,24,19.2,3,CONT_LR,D2,R3,6
2110,1,617305,24.6794271,-83.0652902,DT05,1,24,20.4,3,CONT_LR,D2,R4,6
2111,1,617991,24.6797967,-83.0712243,DT05,1,24,19.5,3,CONT_LR,D2,R4,6
2112,1,575714,24.6579647,-83.0832117,DT05,1,24,19.2,3,ISOL_MR,D2,R4,6
2113,1,648212,24.6995474,-83.0463524,DT05,1,24,20.4,3,CONT_HR,D2,R4,6
2114,1,631443,24.6892435,-83.0071538,DT07,1,24,25.2,3,CONT_LR,D3,R2,7
2115,1,611829,24.6765676,-83.0099149,DT07,1,24,25.4,3,CONT_LR,D3,R1,7
2116,1,628594,24.6871662,-83.0273765,DT07,1,24,24.2,3,ISOL_MR,D3,R2,7
2117,1,622985,24.6835225,-83.0297877,DT07,1,24,24.2,3,CONT_HR,D3,R1,7
2118,1,625148,24.6852544,-83.0016555,DT07,1,24,22.5,3,CONT_LR,D3,R1,7
2119,1,636415,24.692757,-82.9805301,DT07,1,24,27.9,3,CONT_LR,D3,R2,7
2120,1,639866,24.694626,-83.0097105,DT07,1,24,23.6,3,ISOL_MR,D3,R2,7
2121,1,608375,24.6746528,-82.984196,DT07,1,24,25.9,3,CONT_LR,D3,R2,7
2122,1,596889,24.6673927,-82.987045,DT07,1,24,29.6,3,CONT_LR,D3,R1,7
2123,1,654489,24.7038438,-83.0291288,DT08,1,24,28.1,3,CONT_HR,D3,R4,8
2124,1,652434,24.7026166,-83.0197209,DT08,1,24,28.9,3,CONT_LR,D3,R3,8
2125,1,618157,24.6809056,-82.9892353,DT08,1,24,26.3,3,ISOL_MR,D3,R3,8
2126,1,628533,24.6867561,-83.0575064,DT08,1,24,22.5,3,CONT_LR,D3,R3,8
2127,1,662662,24.7091588,-83.036627,DT08,1,24,25.9,3,CONT_HR,D3,R4,8
2128,1,621641,24.6830177,-83.0001376,DT08,1,24,23.3,3,CONT_LR,D3,R4,8
2129,1,655161,24.7041746,-83.0380282,DT08,1,24,25.3,3,CONT_HR,D3,R3,8
2130,1,546210,24.6502667,-83.0188776,DT08,1,24,26.6,3,ISOL_MR,D3,R4,8
2131,1,554043,24.6525431,-83.0174325,DT08,1,24,27.5,3,ISOL_MR,D3,R4,8
2132,1,563485,24.6554754,-83.0006862,DT08,1,24,30,3,CONT_LR,D3,R4,8
2133,1,677936,24.7203321,-82.9775072,DT08,1,24,26.4,3,CONT_MR,D3,R4,8
2134,1,638479,24.6938357,-83.0012985,DT08,1,24,23.1,3,CONT_LR,D3,R3,8
2135,1,630611,24.6879197,-83.0713586,DT08,1,24,25.6,3,CONT_HR,D3,R3,8
2136,1,637054,24.6927944,-83.0116574,DT08,1,24,22.8,3,CONT_LR,D3,R3,8
2137,1,677930,24.7202929,-82.9804717,DT08,1,24,22.3,3,CONT_LR,D3,R4,8
2138,1,621678,24.6832601,-82.9818621,DT08,1,24,27.2,3,CONT_LR,D3,R4,8
2139,1,557210,24.6536767,-83.0001636,DT08,1,24,29.8,3,CONT_LR,D3,R4,8
2140,1,586657,24.6630101,-82.9770964,DT08,1,24,31.6,3,REEF_HR,D3,R4,8
2141,1,670029,24.7142101,-83.0302852,DT08,1,24,28.8,3,CONT_HR,D3,R3,8
2142,1,628544,24.6868305,-83.0520732,DT08,1,24,22.8,3,CONT_LR,D3,R3,8
2143,1,638363,24.6930605,-83.058598,DT08,1,24,22.3,3,CONT_HR,D3,R4,8
2144,1,580186,24.6603804,-83.0052099,DT08,1,24,24.8,3,CONT_HR,D3,R4,8
2145,1,574379,24.658529,-83.0086379,DT08,1,24,24.9,3,ISOL_HR,D3,R4,8
2146,1,666734,24.7121336,-83.0169096,DT08,1,24,31.8,3,CONT_HR,D3,R4,8
2147,1,546219,24.6503263,-83.0144334,DT08,1,24,23.7,3,ISOL_MR,D3,R4,8
2148,1,653931,24.7042604,-82.9639119,DT08,1,24,32.9,3,CONT_LR,D3,R4,8
2149,1,597639,24.6677393,-82.9949541,DT08,1,24,22.7,3,CONT_LR,D3,R4,8
2150,1,658645,24.706844,-83.007436,DT08,1,24,29.6,3,CONT_HR,D3,R4,8
2151,1,613262,24.6777138,-82.9916547,DT08,1,24,27.9,3,ISOL_MR,D3,R4,8
2152,1,631413,24.6890446,-83.0219723,DT08,1,24,23.7,3,CONT_LR,D3,R3,8
2153,1,615270,24.6784713,-83.036128,DT08,1,24,24.9,3,ISOL_HR,D3,R4,8
2154,1,640464,24.6943804,-83.0610901,DT08,1,24,24.2,3,CONT_HR,D3,R4,8
2155,1,660620,24.7077244,-83.0425331,DT08,1,24,22.9,3,CONT_HR,D3,R4,8
2156,1,663702,24.7119566,-82.8558102,DT01,2,26,11.6,4,CONT_LR,D1,R2,9
2157,1,350485,24.5937958,-82.8831924,DT01,2,26,8.2,4,CONT_LR,D1,R2,9
2158,1,490549,24.6360282,-82.8630825,DT01,2,26,3.5,4,CONT_LR,D1,R2,9
2159,1,354818,24.5952914,-82.8718594,DT01,2,26,6.8,4,ISOL_LR,D1,R2,9
2160,1,363477,24.5977215,-82.894113,DT01,2,26,4,4,CONT_LR,D1,R2,9
2161,1,357632,24.5957479,-82.9074135,DT01,2,26,11.5,4,ISOL_MR,D1,R2,9
2162,1,326627,24.5859123,-82.8998593,DT01,2,26,8.4,4,CONT_LR,D1,R2,9
2163,1,523248,24.646259,-82.8014941,DT01,2,26,2.4,4,ISOL_LR,D1,R2,9
2164,1,638222,24.6961552,-82.7814579,DT01,2,26,8.2,4,SPGR_LR,D1,R2,9
2165,1,459881,24.6274617,-82.8254232,DT01,2,26,7.9,4,ISOL_LR,D1,R2,9
2166,1,560756,24.6571387,-82.7976986,DT01,2,26,4.2,4,ISOL_MR,D1,R2,9
2167,1,651479,24.7044415,-82.8057895,DT01,2,26,3.2,4,CONT_LR,D1,R2,9
2168,1,452028,24.6238281,-82.9354932,DT01,2,26,3.8,4,CONT_LR,D1,R2,9
2169,1,400661,24.6090172,-82.8932956,DT01,2,26,11.1,4,ISOL_MR,D1,R2,9
2170,1,455080,24.6247308,-82.9355071,DT01,2,26,4.1,4,CONT_LR,D1,R2,9
2171,1,517018,24.6443943,-82.8064066,DT01,2,26,3.6,4,ISOL_LR,D1,R2,9
2172,1,607380,24.6762605,-82.7841394,DT01,2,26,11.4,4,ISOL_LR,D1,R2,9
2173,1,503037,24.6402667,-82.8117801,DT01,2,26,8,4,ISOL_LR,D1,R2,9
2174,1,487453,24.635052,-82.8689945,DT01,2,26,3.4,4,CONT_LR,D1,R2,9
2175,1,587027,24.6653044,-82.7943576,DT01,2,26,4.4,4,CONT_MR,D1,R2,9
2176,1,605899,24.674853,-82.8261126,DT02,2,26,8.1,4,ISOL_MR,D1,R3,10
2177,1,526375,24.6472267,-82.7960748,DT02,2,26,3.8,4,ISOL_LR,D1,R3,10
2178,1,626744,24.6874421,-82.9028781,DT02,2,26,9.5,4,CONT_LR,D1,R4,10
2179,1,455051,24.6245458,-82.9498249,DT02,2,26,7.9,4,SPGR_LR,D1,R3,10
2180,1,491945,24.6355433,-82.9371553,DT02,2,26,9.9,4,SPGR_LR,D1,R4,10
2181,1,655559,24.7067171,-82.841402,DT02,2,26,3.8,4,CONT_LR,D1,R3,10
2182,1,612740,24.6783905,-82.9047168,DT02,2,26,9.5,4,CONT_LR,D1,R3,10
2183,1,435315,24.619022,-82.9230743,DT02,2,26,5.9,4,ISOL_HR,D1,R3,10
2184,1,487441,24.6349782,-82.8749198,DT02,2,26,4.2,4,CONT_LR,D1,R3,10
2185,1,669775,24.7163283,-82.830671,DT02,2,26,8.1,4,SPGR_LR,D1,R4,10
2186,1,433756,24.6182849,-82.9452836,DT02,2,26,3.8,4,ISOL_MR,D1,R3,10
2187,1,587978,24.6642739,-82.914382,DT02,2,26,5.6,4,ISOL_LR,D1,R3,10
2188,1,563753,24.6571797,-82.868336,DT02,2,26,9,4,ISOL_HR,D1,R4,10
2189,1,560657,24.6565457,-82.8465925,DT02,2,26,6,4,ISOL_MR,D1,R3,10
2190,1,621374,24.6852758,-82.7852559,DT02,2,26,6.3,4,ISOL_MR,D1,R3,10
2191,1,598048,24.670287,-82.7929468,DT02,2,26,4.3,4,CONT_LR,D1,R3,10
2192,1,353336,24.5945933,-82.8915974,DT02,2,26,7.8,4,CONT_LR,D1,R3,10
2193,1,645098,24.6997828,-82.8546415,DT02,2,26,5.1,4,CONT_LR,D1,R3,10
2194,1,247884,24.5580617,-82.9246109,DT03,2,0,11.7,4,CONT_LR,D1,RU,11
2195,1,251520,24.5594409,-82.9226577,DT03,2,0,11.5,4,CONT_LR,D1,RU,11
2196,1,408147,24.6111493,-82.9032031,DT03,2,26,11.5,4,CONT_HR,D1,RU,12
2197,1,501387,24.6392121,-82.8611542,DT03,2,26,9.8,4,ISOL_MR,D1,RU,12
2198,1,596178,24.6682345,-82.8867787,DT03,2,26,11.9,4,ISOL_MR,D1,RU,12
2199,1,527823,24.647019,-82.8504037,DT03,2,26,6.2,4,ISOL_HR,D1,RU,12
2200,1,532544,24.648657,-82.8272131,DT03,2,26,7.7,4,CONT_LR,D1,RU,12
2201,1,464379,24.6282574,-82.8708687,DT03,2,26,1.2,4,ISOL_LR,D1,RU,12
2202,1,432171,24.6173762,-82.9803282,DT04,2,0,21.7,4,CONT_LR,D2,R1,13
2203,1,427636,24.6160417,-82.9788258,DT04,2,0,17.5,4,CONT_LR,D2,R1,13
2204,1,255170,24.5607318,-82.927613,DT04,2,0,14.3,4,ISOL_LR,D2,R2,13
2205,1,266298,24.5647937,-82.9276752,DT04,2,0,14.3,4,ISOL_LR,D2,R1,13
2206,1,280069,24.5692156,-82.9696985,DT04,2,0,17.8,4,CONT_LR,D2,R2,13
2207,1,378035,24.601051,-82.9859957,DT04,2,0,17.7,4,SPGR_LR,D2,R1,13
2208,1,292946,24.5736835,-82.9732237,DT04,2,0,19.9,4,ISOL_LR,D2,R1,13
2209,1,669875,24.7169234,-82.7812593,DT04,2,0,18.4,4,CONT_LR,D2,R2,13
2210,1,373592,24.5997947,-82.9785702,DT04,2,0,18.3,4,CONT_LR,D2,R2,13
2211,1,394512,24.6062166,-82.9707714,DT04,2,0,13,4,CONT_LR,D2,R2,13
2212,1,412527,24.6116,-82.9733246,DT04,2,0,14.1,4,CONT_LR,D2,R2,13
2213,1,418570,24.6133988,-82.9738466,DT04,2,0,14.5,4,CONT_LR,D2,R1,13
2214,1,273742,24.5669913,-82.9671958,DT04,2,0,20.5,4,CONT_LR,D2,R1,13
2215,1,535405,24.6479499,-82.9551274,DT04,2,26,19.3,4,CONT_LR,D2,R2,14
2216,1,441305,24.6203041,-82.9635854,DT04,2,26,15.2,4,CONT_LR,D2,R2,14
2217,1,300934,24.5770047,-82.9258875,DT04,2,26,15.2,4,CONT_LR,D2,R2,14
2218,1,639362,24.6954528,-82.9118937,DT04,2,26,14.2,4,CONT_LR,D2,R2,14
2219,1,336235,24.5883124,-82.9591366,DT04,2,26,16,4,ISOL_MR,D2,R2,14
2220,1,648461,24.7011748,-82.9233458,DT04,2,26,18.3,4,CONT_LR,D2,R2,14
2221,1,594578,24.6686577,-82.778103,DT04,2,26,14.6,4,CONT_LR,D2,R2,14
2222,1,637919,24.6943035,-82.9311458,DT04,2,26,16.5,4,CONT_LR,D2,R2,14
2223,1,674292,24.7190921,-82.8628349,DT04,2,26,16.5,4,CONT_LR,D2,R2,14
2224,1,671035,24.7168906,-82.8583544,DT04,2,26,14.7,4,CONT_LR,D2,R2,14
2225,1,521402,24.6440355,-82.9437069,DT04,2,26,16.1,4,CONT_LR,D2,R2,14
2226,1,488846,24.6345706,-82.9425727,DT04,2,26,17.5,4,CONT_LR,D2,R2,14
2227,1,596107,24.6677899,-82.9218455,DT04,2,26,12.2,4,CONT_LR,D2,R2,14
2228,1,673132,24.7190329,-82.7936447,DT04,2,26,13.1,4,SPGR_LR,D2,R2,14
2229,1,658177,24.7077954,-82.8997284,DT04,2,26,16.6,4,SPGR_LR,D2,R2,14
2230,1,527952,24.6477899,-82.7866981,DT04,2,26,17.2,4,CONT_LR,D2,R2,14
2231,1,492193,24.6370716,-82.8146973,DT04,2,26,12.5,4,ISOL_MR,D2,R2,14
2232,1,271298,24.5665611,-82.9306638,DT04,2,26,13.6,4,CONT_LR,D2,R2,14
2233,1,455242,24.625739,-82.8555224,DT04,2,26,16.7,4,SPGR_HR,D2,R2,14
2234,1,604584,24.6744785,-82.7821378,DT04,2,26,13.5,4,CONT_LR,D2,R2,14
2235,1,507606,24.6411333,-82.8517986,DT04,2,26,18.4,4,ISOL_HR,D2,R2,14
2236,1,672355,24.7178178,-82.8563913,DT04,2,26,14.8,4,CONT_LR,D2,R2,14
2237,1,603800,24.673541,-82.8226353,DT04,2,26,12.6,4,ISOL_LR,D2,R2,14
2238,1,300971,24.5772372,-82.9076266,DT04,2,26,13.3,4,CONT_LR,D2,R2,14
2239,1,450569,24.6237989,-82.902407,DT04,2,26,16.2,4,ISOL_MR,D2,R2,14
2240,1,596391,24.6695195,-82.7815733,DT04,2,26,12.8,4,CONT_LR,D2,R2,14
2241,1,363365,24.5970156,-82.949398,DT04,2,26,17.6,4,ISOL_LR,D2,R2,14
2242,1,669860,24.7168351,-82.7886711,DT04,2,26,13.9,4,ISOL_LR,D2,R2,14
2243,1,543566,24.6523621,-82.7818236,DT04,2,26,17.8,4,CONT_LR,D2,R2,14
2244,1,541853,24.6510079,-82.8563897,DT04,2,26,12.6,4,CONT_MR,D2,R2,14
2245,1,637922,24.6943226,-82.9296638,DT04,2,26,16.4,4,CONT_LR,D2,R2,14
2246,1,444354,24.6212389,-82.961131,DT04,2,26,14.2,4,CONT_LR,D2,R2,14
2247,1,527842,24.6471342,-82.8410208,DT04,2,26,13.9,4,ISOL_LR,D2,R2,14
2248,1,519839,24.6435266,-82.948144,DT04,2,26,18,4,CONT_LR,D2,R2,14
2249,1,478243,24.6326004,-82.8482157,DT04,2,26,18.2,4,ISOL_LR,D2,R2,14
2250,1,478124,24.6318665,-82.9069738,DT04,2,26,19.4,4,CONT_MR,D2,R2,14
2251,1,682086,24.7251975,-82.8065833,DT04,2,26,17.4,4,CONT_MR,D2,R2,14
2252,1,393090,24.6062521,-82.9332476,DT04,2,26,15.9,4,ISOL_MR,D2,R2,14
2253,1,606610,24.6753823,-82.8196979,DT04,2,26,14.6,4,CONT_MR,D2,R2,14
2254,1,635866,24.6933093,-82.9029673,DT04,2,26,13.5,4,CONT_LR,D2,R2,14
2255,1,387083,24.6043515,-82.9406245,DT04,2,26,17.5,4,ISOL_MR,D2,R2,14
2256,1,334830,24.5878161,-82.9625845,DT04,2,26,16.8,4,ISOL_MR,D2,R2,14
2257,1,682723,24.7256667,-82.8051074,DT04,2,26,17.7,4,CONT_MR,D2,R2,14
2258,1,436871,24.619712,-82.9043204,DT04,2,26,14.4,4,CONT_MR,D2,R2,14
2259,1,645663,24.6993822,-82.9223301,DT04,2,26,17.4,4,CONT_LR,D2,R2,14
2260,1,402057,24.6088264,-82.943656,DT04,2,26,16.8,4,ISOL_HR,D2,R2,14
2261,1,280063,24.5691768,-82.9726595,DT05,2,0,19.4,4,CONT_MR,D2,R4,15
2262,1,286456,24.5714269,-82.9731883,DT05,2,0,17.2,4,ISOL_LR,D2,R3,15
2263,1,502721,24.6383049,-82.9678177,DT05,2,0,21.5,4,CONT_HR,D2,R4,15
2264,1,299511,24.5758947,-82.9767136,DT05,2,0,15.9,4,ISOL_LR,D2,R4,15
2265,1,679593,24.7235995,-82.7892621,DT05,2,0,16.4,4,ISOL_LR,D2,R3,15
2266,1,369128,24.5982191,-82.9953313,DT05,2,0,21.9,4,REEF_MR,D2,R4,15
2267,1,260113,24.562707,-82.9143167,DT05,2,0,13.8,4,CONT_LR,D2,R4,15
2268,1,675093,24.7204283,-82.7902052,DT05,2,0,14.3,4,CONT_LR,D2,R3,15
2269,1,580524,24.6625161,-82.8382826,DT05,2,26,15.5,4,CONT_LR,D2,R3,16
2270,1,397533,24.6072804,-82.9584445,DT05,2,26,16.7,4,ISOL_HR,D2,R4,16
2271,1,320986,24.5832772,-82.9644884,DT05,2,26,13.8,4,CONT_LR,D2,R3,16
2272,1,472190,24.631388,-82.7993053,DT05,2,26,16.2,4,SPGR_LR,D2,R4,16
2273,1,619770,24.6831656,-82.8840391,DT05,2,26,14.6,4,CONT_HR,D2,R3,16
2274,1,662323,24.7108636,-82.8711133,DT05,2,26,13.2,4,CONT_LR,D2,R3,16
2275,1,660953,24.7098745,-82.8780168,DT05,2,26,13,4,CONT_LR,D2,R3,16
2276,1,662318,24.7108328,-82.8735837,DT05,2,26,12.3,4,CONT_LR,D2,R3,16
2277,1,510699,24.6419689,-82.8572438,DT05,2,26,18.2,4,ISOL_MR,D2,R4,16
2278,1,402078,24.60896,-82.9332892,DT05,2,26,17.3,4,ISOL_HR,D2,R3,16
2279,1,540142,24.6496295,-82.9299639,DT05,2,26,13.4,4,CONT_LR,D2,R3,16
2280,1,576188,24.6610287,-82.8491283,DT05,2,26,12.6,4,ISOL_MR,D2,R3,16
2281,1,439878,24.6204327,-82.9186516,DT05,2,26,18.6,4,ISOL_MR,D2,R3,16
2282,1,394593,24.6067351,-82.9307863,DT05,2,26,15.1,4,ISOL_MR,D2,R3,16
2283,1,604313,24.6728301,-82.9159946,DT05,2,26,12.5,4,CONT_LR,D2,R3,16
2284,1,396067,24.6070339,-82.9426408,DT05,2,26,13.6,4,ISOL_MR,D2,R3,16
2285,1,675595,24.7200132,-82.861366,DT05,2,26,16.2,4,CONT_LR,D2,R3,16
2286,1,533880,24.6477353,-82.9368495,DT05,2,26,14.3,4,CONT_LR,D2,R3,16
2287,1,411094,24.6116425,-82.9353056,DT05,2,26,17.2,4,ISOL_HR,D2,R4,16
2288,1,523262,24.6463417,-82.7945803,DT05,2,26,12.5,4,CONT_LR,D2,R3,16
2289,1,636713,24.6946278,-82.8333184,DT05,2,26,12.1,4,REEF_MR,D2,R3,16
2290,1,650621,24.702993,-82.886808,DT05,2,26,14.3,4,ISOL_MR,D2,R4,16
2291,1,652026,24.704001,-82.8784228,DT05,2,26,15.6,4,CONT_LR,D2,R3,16
2292,1,524540,24.6450782,-82.9328573,DT05,2,26,14.3,4,CONT_LR,D2,R3,16
2293,1,635144,24.6927323,-82.9128403,DT05,2,26,13.1,4,CONT_LR,D2,R3,16
2294,1,665015,24.7126689,-82.8711403,DT05,2,26,13.3,4,CONT_LR,D2,R3,16
2295,1,388578,24.6047837,-82.9421123,DT05,2,26,15.2,4,ISOL_MR,D2,R3,16
2296,1,615080,24.6812136,-82.785198,DT05,2,26,13.1,4,ISOL_MR,D2,R3,16
2297,1,211744,24.5438174,-82.9441334,DT06,2,0,21.7,4,ISOL_MR,D2,RU,17
2298,1,695400,24.7353051,-82.791901,DT06,2,0,20.7,4,CONT_MR,D2,RU,17
2299,1,252696,24.559639,-82.9424032,DT06,2,0,19.6,4,CONT_LR,D2,RU,17
2300,1,691327,24.7320687,-82.7982801,DT06,2,0,19.1,4,CONT_HR,D2,RU,17
2301,1,240683,24.5553978,-82.9211153,DT06,2,0,17.8,4,CONT_MR,D2,RU,17
2302,1,239413,24.5544381,-82.9605839,DT06,2,0,18.5,4,CONT_MR,D2,RU,17
2303,1,251495,24.559283,-82.9349943,DT06,2,0,14.9,4,CONT_LR,D2,RU,17
2304,1,219693,24.5471352,-82.9318468,DT06,2,0,20.1,4,CONT_LR,D2,RU,17
2305,1,671196,24.7178554,-82.7788015,DT06,2,0,21.2,4,CONT_LR,D2,RU,17
2306,1,271275,24.5664152,-82.942014,DT06,2,0,19.8,4,CONT_LR,D2,RU,17
2307,1,580337,24.6613574,-82.9306383,DT06,2,26,20.7,4,CONT_HR,D2,RU,18
2308,1,566758,24.6572384,-82.9350204,DT06,2,26,21.6,4,CONT_HR,D2,RU,18
2309,1,678887,24.7227434,-82.8228573,DT06,2,26,16.1,4,CONT_MR,D2,RU,18
2310,1,617798,24.6825799,-82.8217786,DT06,2,26,12.6,4,CONT_LR,D2,RU,18
2311,1,601481,24.6708985,-82.9258452,DT06,2,26,21,4,CONT_HR,D2,RU,18
2312,1,676209,24.7202674,-82.8771844,DT06,2,26,20.4,4,CONT_MR,D2,RU,18
2313,1,648451,24.7011114,-82.9282861,DT06,2,26,19.1,4,CONT_LR,D2,RU,18
2314,1,656775,24.7066538,-82.9184886,DT06,2,26,19.2,4,CONT_LR,D2,RU,18
2315,1,558896,24.6549053,-82.9409116,DT06,2,26,20.6,4,CONT_MR,D2,RU,18
2316,1,666296,24.713205,-82.9003047,DT06,2,26,20.5,4,CONT_LR,D2,RU,18
2317,1,290478,24.5736703,-82.9041172,DT06,2,26,21.4,4,CONT_LR,D2,RU,18
2318,1,462769,24.6273094,-82.9103615,DT06,2,26,20.6,4,ISOL_MR,D2,RU,18
2319,1,465711,24.6274605,-82.9686354,DT07,2,0,22.7,4,CONT_LR,D3,R1,19
2320,1,477991,24.6310192,-82.9726419,DT07,2,0,26,4,CONT_LR,D3,R2,19
2321,1,458048,24.6250939,-82.9769931,DT07,2,0,24,4,CONT_LR,D3,R2,19
2322,1,256344,24.5608654,-82.9522934,DT07,2,0,22.5,4,CONT_LR,D3,R1,19
2323,1,468759,24.6282335,-82.978524,DT07,2,0,30.3,4,CONT_LR,D3,R1,19
2324,1,426111,24.6154928,-82.9862238,DT07,2,0,25.3,4,CONT_LR,D3,R1,19
2325,1,260017,24.5620976,-82.9616902,DT07,2,0,22.3,4,CONT_LR,D3,R1,19
2326,1,549465,24.6519732,-82.9581536,DT07,2,26,29.5,4,CONT_HR,D3,R1,20
2327,1,257487,24.5607674,-82.9942443,DT08,2,0,27.6,4,REEF_HR,D3,R4,21
2328,1,391467,24.6049952,-82.9949451,DT08,2,0,25.3,4,CONT_MR,D3,R3,21
2329,1,401955,24.6081675,-82.9940079,DT08,2,0,26.4,4,ISOL_MR,D3,R4,21
2330,1,364725,24.5968325,-82.9977778,DT08,2,0,27.4,4,REEF_MR,D3,R4,21
2331,1,272450,24.5663329,-82.9829801,DT08,2,0,26,4,REEF_MR,D3,R3,21
2332,1,376525,24.6004691,-82.9958607,DT08,2,0,23.6,4,REEF_HR,D3,R4,21
2333,1,276240,24.5677258,-82.9800405,DT08,2,0,24.6,4,REEF_HR,D3,R4,21
2334,1,267412,24.5643843,-82.993808,DT08,2,0,25.5,4,REEF_HR,D3,R4,21
2335,1,508923,24.640123,-82.9668584,DT08,2,26,23.1,4,CONT_MR,D3,R4,22
2336,1,317048,24.5829082,-82.8874725,DT08,2,26,23.5,4,CONT_HR,D3,R4,22
2337,1,680251,24.7241685,-82.7793855,DT09,2,0,23.2,4,CONT_MR,D3,RU,23
2338,1,676418,24.7215248,-82.7739113,DT09,2,0,27.1,4,CONT_MR,D3,RU,23
2339,1,231164,24.5512853,-82.9600414,DT09,2,0,23.1,4,ISOL_MR,D3,RU,23
2340,1,253870,24.5597831,-82.9660962,DT09,2,0,24.5,4,CONT_LR,D3,RU,23
2341,1,676412,24.7214897,-82.7768762,DT09,2,0,25.4,4,ISOL_LR,D3,RU,23
2342,1,472217,24.6315469,-82.7859731,DT09,2,0,23.4,4,CONT_LR,D3,RU,23
2343,1,657070,24.7084472,-82.7727376,DT09,2,0,22.8,4,CONT_MR,D3,RU,23
2344,1,696525,24.73619,-82.7933965,DT09,2,0,23.5,4,CONT_MR,D3,RU,23
2345,1,276277,24.5679647,-82.9617816,DT09,2,26,24,4,ISOL_HR,D3,RU,24
2346,1,308981,24.5802063,-82.8869383,DT09,2,26,25,4,CONT_LR,D3,RU,24
2347,1,443093,24.6224129,-82.8322635,DT09,2,26,24.6,4,SPGR_HR,D3,RU,24
2348,1,512039,24.6410773,-82.9629224,DT09,2,26,25.6,4,CONT_LR,D3,RU,24
2349,1,453497,24.6239146,-82.9636418,DT09,2,26,22.3,4,ISOL_HR,D3,RU,24
2350,1,290357,24.5729034,-82.9638329,DT09,2,26,22.9,4,CONT_LR,D3,RU,24
2351,1,444561,24.622537,-82.8589318,DT09,2,26,24,4,SPGR_HR,D3,RU,24
2352,1,286610,24.5724035,-82.8971874,DT09,2,26,27.3,4,CONT_LR,D3,RU,24
2353,1,680109,24.7233193,-82.8495539,DT09,2,26,26.3,4,CONT_MR,D3,RU,24
2354,1,443124,24.6225986,-82.8169574,DT09,2,26,24,4,SPGR_LR,D3,RU,24
2355,1,676859,24.7207435,-82.8752147,DT09,2,26,23.5,4,CONT_LR,D3,RU,24
2356,1,651546,24.7048363,-82.7726865,DT09,2,26,23.3,4,CONT_HR,D3,RU,24
2357,1,620698,24.6849767,-82.7724054,DT09,2,26,22.4,4,CONT_MR,D3,RU,24
2358,1,490341,24.6347202,-82.9657861,DT09,2,26,25.5,4,CONT_HR,D3,RU,24
2359,1,456859,24.6267381,-82.8105973,DT09,2,26,23.9,4,SPGR_HR,D3,RU,24
2360,2,392810,24.6044126,-83.0714621,DT04,0,0,21.5,3,CONT_LR,D2,R2,1
2361,2,541403,24.6480981,-83.078603,DT04,0,0,17.2,3,CONT_LR,D2,R1,1
2362,2,524315,24.6436082,-83.043958,DT04,0,0,18.4,3,CONT_LR,D2,R1,1
2363,2,497938,24.6360769,-83.0334647,DT04,0,0,15.3,3,CONT_LR,D2,R1,1
2364,2,479427,24.6307747,-83.0249839,DT04,0,0,19.4,3,CONT_LR,D2,R2,1
2365,2,471650,24.6279607,-83.0659246,DT04,0,0,16.4,3,CONT_LR,D2,R2,1
2366,2,456338,24.6234208,-83.0678251,DT04,0,0,16.8,3,CONT_LR,D2,R1,1
2367,2,474715,24.6287886,-83.0713701,DT04,0,0,15.8,3,CONT_LR,D2,R1,1
2368,2,482437,24.6311807,-83.0615332,DT04,0,0,16.5,3,CONT_LR,D2,R2,1
2369,2,546195,24.650167,-83.0262845,DT04,0,0,18.2,3,CONT_LR,D2,R1,1
2370,2,457890,24.624048,-83.0549969,DT04,0,0,15.4,3,CONT_LR,D2,R1,1
2371,2,459401,24.6243979,-83.0624095,DT04,0,0,14.7,3,CONT_LR,D2,R2,1
2372,2,484000,24.6317738,-83.0511727,DT04,0,0,17.1,3,CONT_LR,D2,R1,1
2373,2,395808,24.6053287,-83.0704898,DT04,0,0,19.9,3,CONT_LR,D2,R1,1
2374,2,513367,24.6400297,-83.0745186,DT04,0,0,16.4,3,CONT_LR,D2,R2,1
2375,2,394309,24.6048707,-83.070976,DT05,0,0,20.4,3,CONT_LR,D2,R4,2
2376,2,471707,24.6283448,-83.0377838,DT05,0,0,15.1,3,CONT_LR,D2,R4,2
2377,2,467108,24.627011,-83.0362808,DT05,0,0,18.2,3,CONT_LR,D2,R3,2
2378,2,483925,24.631264,-83.0882006,DT05,0,0,17,3,CONT_LR,D2,R4,2
2379,2,441074,24.6187719,-83.077624,DT05,0,0,13.8,3,CONT_MR,D2,R4,2
2380,2,436525,24.6174521,-83.0751333,DT05,0,0,14.7,3,CONT_LR,D2,R4,2
2381,2,470061,24.6271339,-83.0930699,DT05,0,0,20.4,3,CONT_LR,D2,R3,2
2382,2,445676,24.6203702,-83.0598745,DT05,0,0,14.5,3,CONT_LR,D2,R4,2
2383,2,527331,24.643831,-83.0933482,DT05,0,0,21.4,3,CONT_LR,D2,R3,2
2384,2,447193,24.6207877,-83.0623502,DT05,0,0,14.7,3,CONT_LR,D2,R4,2
2385,2,459368,24.6241736,-83.0787008,DT05,0,0,15,3,CONT_LR,D2,R4,2
2386,2,425902,24.614095,-83.0893966,DT05,0,0,17,3,CONT_MR,D2,R3,2
2387,2,528927,24.6445425,-83.0745932,DT05,0,0,15.8,3,CONT_MR,D2,R4,2
2388,2,550740,24.6504829,-83.1018553,DT05,0,0,21.3,3,CONT_MR,D2,R4,2
2389,2,465482,24.6259377,-83.0816928,DT05,0,0,15.3,3,CONT_LR,D2,R4,2
2390,2,544509,24.6488775,-83.0875058,DT05,0,0,18.1,3,CONT_LR,D2,R4,2
2391,2,436493,24.6172333,-83.09093,DT05,0,0,18.4,3,CONT_LR,D2,R4,2
2392,2,401844,24.6074312,-83.0488005,DT05,0,0,20,3,CONT_LR,D2,R3,2
2393,2,457822,24.6235855,-83.0885668,DT05,0,0,18,3,CONT_LR,D2,R4,2
2394,2,541463,24.6485051,-83.0489766,DT05,0,0,17.1,3,CONT_LR,D2,R4,2
2395,2,322163,24.5824555,-83.0597473,DT07,0,0,28.1,3,CONT_LR,D3,R1,3
2396,2,266057,24.563225,-83.0466005,DT07,0,0,26.5,3,CONT_LR,D3,R2,3
2397,2,407879,24.6094173,-83.035502,DT07,0,0,28.5,3,ISOL_MR,D3,R1,3
2398,2,394328,24.6049995,-83.0615975,DT07,0,0,22.9,3,CONT_LR,D3,R1,3
2399,2,391363,24.6043058,-83.046281,DT07,0,0,24.4,3,CONT_LR,D3,R2,3
2400,2,385310,24.6020609,-83.0783352,DT07,0,0,23.7,3,CONT_LR,D3,R1,3
2401,2,330480,24.5853046,-83.0494275,DT07,0,0,26.4,3,CONT_LR,D3,R1,3
2402,2,494860,24.6352943,-83.0245629,DT07,0,0,23.2,3,CONT_LR,D3,R1,3
2403,2,336039,24.5870223,-83.0558729,DT07,0,0,27.4,3,CONT_LR,D3,R2,3
2404,2,391269,24.6036676,-83.0926792,DT07,0,0,29.6,3,CONT_LR,D3,R1,3
2405,2,404753,24.6077428,-83.0917596,DT07,0,0,24.3,3,CONT_LR,D3,R1,3
2406,2,370439,24.5975821,-83.0757928,DT07,0,0,25.5,3,CONT_LR,D3,R1,3
2407,2,419829,24.6121455,-83.0997326,DT07,0,0,31.3,3,CONT_LR,D3,R2,3
2408,2,374932,24.599308,-83.0486682,DT07,0,0,27.3,3,CONT_LR,D3,R2,3
2409,2,360183,24.5943414,-83.0816634,DT07,0,0,28.2,3,CONT_LR,D3,R1,3
2410,2,529051,24.6453753,-83.0133662,DT08,0,0,28.7,3,ISOL_LR,D3,R4,4
2411,2,527501,24.6449769,-83.0094087,DT08,0,0,30.3,3,ISOL_MR,D3,R4,4
2412,2,502624,24.6376702,-83.0157119,DT08,0,0,29.9,3,ISOL_MR,D3,R4,4
2413,2,391353,24.6042386,-83.0512171,DT08,0,0,23.1,3,CONT_LR,D3,R4,4
2414,2,460850,24.6242954,-83.1024045,DT08,0,0,26.8,3,CONT_MR,D3,R3,4
2415,2,516611,24.6418442,-83.0073831,DT08,0,0,30,3,REEF_HR,D3,R4,4
2416,2,412401,24.6107712,-83.0355239,DT08,0,0,27.7,3,CONT_HR,D3,R4,4
2417,2,379404,24.6007022,-83.0457287,DT08,0,0,27.2,3,CONT_LR,D3,R4,4
2418,2,536864,24.6477309,-83.0059956,DT08,0,0,28.7,3,CONT_LR,D3,R4,4
2419,2,474827,24.6295403,-83.0160752,DT08,0,0,29.4,3,REEF_HR,D3,R4,4
2420,2,566493,24.6554957,-83.0658839,DT04,1,24,16.4,3,CONT_LR,D2,R2,5
2421,2,601894,24.6694514,-83.0685836,DT04,1,24,19,3,ISOL_MR,D2,R2,5
2422,2,619524,24.6815913,-83.0055492,DT04,1,24,21.9,3,CONT_LR,D2,R1,5
2423,2,606216,24.6728977,-83.0143019,DT04,1,24,19.1,3,CONT_LR,D2,R2,5
2424,2,599901,24.6688559,-83.0127551,DT04,1,24,18.4,3,CONT_LR,D2,R1,5
2425,2,574280,24.6578673,-83.0575262,DT04,1,24,16.7,3,CONT_LR,D2,R1,5
2426,2,599864,24.6686099,-83.0310281,DT04,1,24,18,3,CONT_LR,D2,R2,5
2427,2,581467,24.6604265,-83.0353411,DT04,1,24,19.2,3,CONT_LR,D2,R1,5
2428,2,615255,24.6783707,-83.0435365,DT04,1,24,19.8,3,CONT_LR,D2,R2,5
2429,2,607591,24.6736608,-83.0246881,DT04,1,24,21.5,3,CONT_LR,D2,R2,5
2430,2,577266,24.6588644,-83.0506276,DT04,1,24,18.5,3,CONT_LR,D2,R2,5
2431,2,585312,24.6615586,-83.0516595,DT04,1,24,18,3,CONT_LR,D2,R1,5
2432,2,597485,24.6667097,-83.0710081,DT04,1,24,19.7,3,CONT_LR,D2,R2,5
2433,2,566513,24.6556312,-83.0560078,DT04,1,24,15.3,3,CONT_LR,D2,R2,5
2434,2,581346,24.6596049,-83.0950932,DT05,1,24,21.1,3,CONT_LR,D2,R4,6
2435,2,578658,24.6586748,-83.0970533,DT05,1,24,20.8,3,CONT_HR,D2,R4,6
2436,2,560174,24.6534245,-83.085112,DT05,1,24,16.7,3,CONT_LR,D2,R4,6
2437,2,569602,24.6561869,-83.0812066,DT05,1,24,17.9,3,ISOL_MR,D2,R4,6
2438,2,569615,24.6562758,-83.0747872,DT05,1,24,16.6,3,ISOL_LR,D2,R4,6
2439,2,650291,24.700854,-83.0498325,DT05,1,24,20.7,3,CONT_MR,D2,R4,6
2440,2,549319,24.6510162,-83.0302494,DT05,1,24,20.2,3,ISOL_MR,D2,R4,6
2441,2,662095,24.709416,-82.9837585,DT05,1,24,21.5,3,CONT_LR,D2,R4,6
2442,2,638380,24.6931755,-83.0502008,DT05,1,24,21.6,3,CONT_HR,D2,R4,6
2443,2,593087,24.6645349,-83.0650448,DT05,1,24,17.9,3,CONT_LR,D2,R4,6
2444,2,557097,24.6529235,-83.0559634,DT05,1,24,16.5,3,ISOL_MR,D2,R4,6
2445,2,608917,24.6740389,-83.0632254,DT05,1,24,19.2,3,CONT_LR,D2,R4,6
2446,2,593946,24.6646377,-83.0902378,DT05,1,24,21.1,3,CONT_LR,D2,R4,6
2447,2,629972,24.6878947,-83.0402335,DT05,1,24,21.4,3,CONT_LR,D2,R4,6
2448,2,601896,24.669465,-83.0675959,DT05,1,24,19.2,3,CONT_LR,D2,R3,6
2449,2,615197,24.677978,-83.0721823,DT05,1,24,20,3,CONT_LR,D2,R4,6
2450,2,661395,24.7087943,-82.9965963,DT05,1,24,15.4,3,CONT_LR,D2,R4,6
2451,2,560238,24.6538598,-83.0535092,DT05,1,24,18.5,3,CONT_LR,D2,R4,6
2452,2,623747,24.6843716,-83.0001592,DT05,1,24,21.8,3,CONT_LR,D2,R3,6
2453,2,610302,24.6748122,-83.0726239,DT05,1,24,20.2,3,CONT_LR,D2,R3,6
2454,2,607484,24.6729389,-83.0775328,DT05,1,24,21.1,3,CONT_LR,D2,R4,6
2455,2,672740,24.716591,-82.9873315,DT05,1,24,17.2,3,CONT_LR,D2,R4,6
2456,2,621619,24.6828725,-83.011004,DT05,1,24,19.3,3,ISOL_HR,D2,R4,6
2457,2,598340,24.6677607,-83.0270626,DT05,1,24,20.7,3,CONT_LR,D2,R4,6
2458,2,622213,24.6825997,-83.0643544,DT05,1,24,21.8,3,CONT_LR,D2,R4,6
2459,2,580059,24.65953,-83.067926,DT05,1,24,15.7,3,CONT_LR,D2,R4,6
2460,2,615876,24.6782994,-83.0815736,DT05,1,24,20.2,3,CONT_HR,D2,R4,6
2461,2,603964,24.6705318,-83.0883602,DT05,1,24,21.1,3,CONT_MR,D2,R4,6
2462,2,578741,24.6592415,-83.056067,DT05,1,24,15.9,3,CONT_LR,D2,R4,6
2463,2,550889,24.6514942,-83.0282815,DT05,1,24,19.4,3,CONT_LR,D2,R4,6
2464,2,593970,24.6648022,-83.0783858,DT05,1,24,19.1,3,CONT_LR,D2,R3,6
2465,2,634858,24.690865,-83.0541155,DT05,1,24,21.1,3,CONT_LR,D2,R4,6
2466,2,646812,24.6986179,-83.0483136,DT05,1,24,19.6,3,CONT_MR,D2,R4,6
2467,2,609021,24.674736,-83.0118615,DT05,1,24,20.7,3,CONT_LR,D2,R4,6
2468,2,546201,24.6502069,-83.0233217,DT05,1,24,16.3,3,CONT_LR,D2,R4,6
2469,2,604711,24.6712905,-83.0661441,DT05,1,24,20.4,3,CONT_LR,D2,R3,6
2470,2,642619,24.6960648,-83.0369081,DT05,1,24,21.8,3,ISOL_MR,D2,R4,6
2471,2,617306,24.6794339,-83.0647963,DT05,1,24,21.7,3,CONT_LR,D2,R4,6
2472,2,601908,24.6695465,-83.0616696,DT05,1,24,17.6,3,CONT_LR,D2,R3,6
2473,2,617325,24.6795627,-83.0554122,DT05,1,24,21.4,3,CONT_HR,D2,R4,6
2474,2,657353,24.7064392,-82.9698756,DT07,1,24,32.9,3,CONT_LR,D3,R2,7
2475,2,648334,24.7003573,-82.9860855,DT07,1,24,28.8,3,CONT_LR,D3,R2,7
2476,2,565072,24.6560382,-82.9922984,DT07,1,24,30.5,3,CONT_LR,D3,R2,7
2477,2,634244,24.6910024,-83.0106405,DT07,1,24,24.1,3,CONT_LR,D3,R2,7
2478,2,634191,24.6906494,-83.03682,DT07,1,24,25.4,3,CONT_LR,D3,R2,7
2479,2,632895,24.6904614,-82.9834582,DT07,1,24,28.4,3,CONT_LR,D3,R1,7
2480,2,622361,24.6835872,-82.991254,DT07,1,24,26.4,3,CONT_LR,D3,R2,7
2481,2,649749,24.7014359,-82.9727616,DT07,1,24,32.8,3,CONT_LR,D3,R2,7
2482,2,668105,24.7132941,-82.9976564,DT07,1,24,28.2,3,CONT_HR,D3,R2,7
2483,2,575855,24.6589142,-83.0135834,DT08,1,24,25,3,ISOL_MR,D3,R4,8
2484,2,569765,24.6572806,-83.000715,DT08,1,24,28.7,3,CONT_LR,D3,R4,8
2485,2,655814,24.7043764,-83.0563136,DT08,1,24,32.9,3,CONT_HR,D3,R4,8
2486,2,618841,24.6812651,-82.9961574,DT08,1,24,22.2,3,CONT_LR,D3,R4,8
2487,2,631539,24.6898703,-82.9597336,DT08,1,24,32.7,3,REEF_MR,D3,R3,8
2488,2,620213,24.6819567,-83.0119774,DT08,1,24,24.8,3,ISOL_HR,D3,R4,8
2489,2,663997,24.709974,-83.043064,DT08,1,24,24.1,3,CONT_HR,D3,R4,8
2490,2,614570,24.6780066,-83.0371085,DT08,1,24,23.7,3,ISOL_HR,D3,R4,8
2491,2,668723,24.7134276,-83.0213778,DT08,1,24,32.4,3,CONT_HR,D3,R4,8
2492,2,669383,24.7138389,-83.0243494,DT08,1,24,31.1,3,CONT_HR,D3,R3,8
2493,2,554048,24.6525762,-83.0149634,DT08,1,24,25.1,3,ISOL_MR,D3,R4,8
2494,2,633499,24.6902651,-83.0318732,DT08,1,24,24.9,3,CONT_LR,D3,R4,8
2495,2,655820,24.704417,-83.0533496,DT08,1,24,26,3,CONT_HR,D3,R4,8
2496,2,682983,24.7238314,-82.9859639,DT08,1,24,28.4,3,CONT_HR,D3,R4,8
2497,2,609060,24.6749929,-82.9925995,DT08,1,24,23.7,3,CONT_MR,D3,R3,8
2498,2,644097,24.6974592,-83.0003682,DT08,1,24,23.2,3,CONT_HR,D3,R3,8
2499,2,628530,24.6867358,-83.0589881,DT08,1,24,22.3,3,CONT_LR,D3,R4,8
2500,2,665460,24.7116921,-82.9823121,DT08,1,24,26.3,3,CONT_LR,D3,R4,8
2501,2,626530,24.6860647,-83.008585,DT08,1,24,25,3,ISOL_MR,D3,R4,8
2502,2,667470,24.713046,-82.9823336,DT08,1,24,25.5,3,CONT_LR,D3,R4,8
2503,2,655815,24.7043832,-83.0558196,DT08,1,24,31.5,3,CONT_HR,D3,R4,8
2504,2,664021,24.7101351,-83.0312074,DT08,1,24,28.2,3,CONT_HR,D3,R4,8
2505,2,657874,24.7058249,-83.0494197,DT08,1,24,22.8,3,CONT_HR,D3,R4,8
2506,2,666695,24.7118732,-83.036177,DT08,1,24,26,3,CONT_HR,D3,R4,8
2507,2,664028,24.7101819,-83.0277492,DT08,1,24,29.5,3,CONT_HR,D3,R3,8
2508,2,669356,24.7136583,-83.0376885,DT08,1,24,25.6,3,CONT_LR,D3,R4,8
2509,2,547783,24.6507644,-83.0154283,DT08,1,24,23,3,ISOL_MR,D3,R4,8
2510,2,628660,24.687603,-82.9947762,DT08,1,24,25.6,3,CONT_MR,D3,R4,8
2511,2,632720,24.689294,-83.0698992,DT08,1,24,27.4,3,CONT_HR,D3,R3,8
2512,2,620923,24.6824609,-83.0080332,DT08,1,24,25,3,CONT_LR,D3,R4,8
2513,2,561924,24.6550832,-82.9962346,DT08,1,24,29.4,3,CONT_LR,D3,R4,8
2514,2,561928,24.6551094,-82.9942593,DT08,1,24,28.7,3,CONT_LR,D3,R4,8
2515,2,658595,24.7065114,-83.0321368,DT08,1,24,27.6,3,CONT_HR,D3,R4,8
2516,2,665129,24.7133611,-82.8148136,DT01,2,26,5.1,4,CONT_LR,D1,R2,9
2517,2,495235,24.6376741,-82.8394005,DT01,2,26,8.8,4,CONT_LR,D1,R2,9
2518,2,570166,24.6597876,-82.8026763,DT01,2,26,10.6,4,ISOL_MR,D1,R2,9
2519,2,387213,24.6051655,-82.8764501,DT01,2,26,3.9,4,CONT_LR,D1,R2,9
2520,2,337766,24.5895914,-82.8944843,DT01,2,26,11,4,SPGR_LR,D1,R2,9
2521,2,363515,24.5979564,-82.8753551,DT01,2,26,5.9,4,CONT_LR,D1,R2,9
2522,2,461265,24.6270206,-82.8975175,DT01,2,26,4.5,4,ISOL_HR,D1,R2,9
2523,2,442862,24.62098,-82.946313,DT01,2,26,4.3,4,CONT_LR,D1,R2,9
2524,2,328035,24.5865126,-82.8880202,DT01,2,26,10.8,4,ISOL_LR,D1,R2,9
2525,2,646569,24.701091,-82.8215537,DT01,2,26,3,4,CONT_LR,D1,R2,9
2526,2,382727,24.6037869,-82.8784045,DT01,2,26,4.5,4,ISOL_LR,D1,R2,9
2527,2,362016,24.5972516,-82.8955871,DT01,2,26,5.1,4,CONT_LR,D1,R2,9
2528,2,645901,24.7008426,-82.8047493,DT01,2,26,3.1,4,ISOL_LR,D1,R2,9
2529,2,624868,24.6874383,-82.7931921,DT01,2,26,3.3,4,CONT_LR,D1,R2,9
2530,2,510814,24.64266,-82.8004547,DT01,2,26,8.3,4,ISOL_LR,D1,R2,9
2531,2,555949,24.6551552,-82.8495357,DT01,2,26,6.4,4,ISOL_MR,D1,R2,9
2532,2,659073,24.709525,-82.7959793,DT01,2,26,8.2,4,CONT_LR,D1,R2,9
2533,2,639526,24.6964633,-82.8308747,DT01,2,26,7,4,ISOL_LR,D1,R2,9
2534,2,479764,24.6329239,-82.8585917,DT01,2,26,11.5,4,SPGR_HR,D1,R2,9
2535,2,615720,24.6813215,-82.8138553,DT01,2,26,3.8,4,ISOL_MR,D1,R2,9
2536,2,461298,24.6272254,-82.881224,DT02,2,26,5.3,4,ISOL_MR,D1,R4,10
2537,2,518591,24.6449581,-82.7970302,DT02,2,26,11.6,4,CONT_LR,D1,R3,10
2538,2,458134,24.6256461,-82.9345336,DT02,2,26,3.5,4,CONT_LR,D1,R3,10
2539,2,529336,24.647195,-82.8726326,DT02,2,26,6.6,4,ISOL_MR,D1,R3,10
2540,2,652906,24.7055749,-82.7865336,DT02,2,26,9.6,4,CONT_LR,D1,R3,10
2541,2,649345,24.7028001,-82.8294849,DT02,2,26,5.4,4,CONT_LR,D1,R3,10
2542,2,510763,24.6423562,-82.8256397,DT02,2,26,6.1,4,ISOL_LR,D1,R3,10
2543,2,510563,24.6411241,-82.9244004,DT02,2,26,8.3,4,ISOL_LR,D1,R4,10
2544,2,430715,24.6172991,-82.9516876,DT02,2,26,5.2,4,ISOL_MR,D1,R3,10
2545,2,399203,24.6088131,-82.8735419,DT02,2,26,5.5,4,SPGR_HR,D1,R3,10
2546,2,671735,24.7175977,-82.8376085,DT02,2,26,11.5,4,CONT_LR,D1,R3,10
2547,2,415741,24.6137285,-82.8775655,DT02,2,26,5,4,ISOL_LR,D1,R4,10
2548,2,664356,24.7122853,-82.8656986,DT02,2,26,11,4,CONT_LR,D1,R3,10
2549,2,424662,24.6154362,-82.9561027,DT02,2,26,11.6,4,CONT_LR,D1,R3,10
2550,2,507447,24.6401454,-82.930312,DT02,2,26,8.5,4,CONT_LR,D1,R3,10
2551,2,660961,24.7099239,-82.8740642,DT02,2,26,11.8,4,CONT_LR,D1,R3,10
2552,2,609250,24.676209,-82.8987554,DT02,2,26,5.4,4,CONT_LR,D1,R3,10
2553,2,449194,24.6242723,-82.827846,DT02,2,26,7.9,4,CONT_LR,D1,R3,10
2554,2,247886,24.5580743,-82.9236239,DT03,2,0,11.6,4,CONT_LR,D1,RU,11
2555,2,253960,24.5603561,-82.9216845,DT03,2,0,11.5,4,CONT_LR,D1,RU,11
2556,2,426307,24.6167395,-82.8894615,DT03,2,26,6.2,4,ISOL_MR,D1,RU,12
2557,2,499919,24.6392566,-82.8206557,DT03,2,26,7.8,4,ISOL_MR,D1,RU,12
2558,2,453650,24.6248821,-82.8881025,DT03,2,26,10.3,4,ISOL_MR,D1,RU,12
2559,2,570144,24.6596569,-82.813542,DT03,2,26,4.9,4,ISOL_LR,D1,RU,12
2560,2,492184,24.6370178,-82.8191416,DT03,2,26,7.8,4,ISOL_MR,D1,RU,12
2561,2,503024,24.6401892,-82.8181997,DT03,2,26,7.2,4,ISOL_MR,D1,RU,12
2562,2,322318,24.5834826,-82.9832502,DT04,2,0,19.7,4,ISOL_LR,D2,R1,13
2563,2,354601,24.5939212,-82.9789715,DT04,2,0,15.4,4,CONT_LR,D2,R1,13
2564,2,688342,24.7299479,-82.7868816,DT04,2,0,20,4,CONT_MR,D2,R2,13
2565,2,372134,24.5994728,-82.9686909,DT04,2,0,16.3,4,ISOL_LR,D2,R1,13
2566,2,435215,24.6183826,-82.9724435,DT04,2,0,18.8,4,CONT_LR,D2,R1,13
2567,2,325075,24.5843917,-82.9827709,DT04,2,0,19.6,4,ISOL_LR,D2,R1,13
2568,2,299524,24.5759788,-82.9702979,DT04,2,0,20.1,4,ISOL_LR,D2,R1,13
2569,2,388500,24.6042818,-82.9806157,DT04,2,0,14.8,4,CONT_LR,D2,R2,13
2570,2,320980,24.5832385,-82.9674497,DT04,2,0,13,4,ISOL_LR,D2,R2,13
2571,2,689551,24.7308329,-82.788377,DT04,2,0,19.1,4,CONT_MR,D2,R2,13
2572,2,692517,24.7330069,-82.7953279,DT04,2,0,18.9,4,CONT_MR,D2,R2,13
2573,2,366227,24.5975316,-82.9790283,DT04,2,0,17.6,4,SPGR_LR,D2,R1,13
2574,2,366228,24.5975381,-82.9785347,DT04,2,0,17.2,4,SPGR_LR,D2,R1,13
2575,2,439796,24.6199107,-82.9591351,DT04,2,26,12.8,4,CONT_LR,D2,R2,14
2576,2,475163,24.6316734,-82.8501775,DT04,2,26,17.9,4,ISOL_MR,D2,R2,14
2577,2,594572,24.6686226,-82.7810666,DT04,2,26,12.5,4,ISOL_LR,D2,R2,14
2578,2,322428,24.584188,-82.9289594,DT04,2,26,19,4,ISOL_MR,D2,R2,14
2579,2,646427,24.7002228,-82.8917075,DT04,2,26,13.3,4,CONT_LR,D2,R2,14
2580,2,552627,24.6530681,-82.9433529,DT04,2,26,16,4,CONT_LR,D2,R2,14
2581,2,291706,24.5736554,-82.9406448,DT04,2,26,18.3,4,CONT_LR,D2,R2,14
2582,2,300905,24.576821,-82.9402,DT04,2,26,16.1,4,CONT_LR,D2,R2,14
2583,2,323878,24.5851029,-82.8924421,DT04,2,26,13.4,4,ISOL_MR,D2,R2,14
2584,2,400523,24.6081445,-82.9614204,DT04,2,26,16.4,4,ISOL_MR,D2,R2,14
2585,2,669032,24.7154077,-82.8687103,DT04,2,26,14.4,4,CONT_LR,D2,R2,14
2586,2,618478,24.682923,-82.8306768,DT04,2,26,14,4,ISOL_MR,D2,R2,14
2587,2,583266,24.6637666,-82.8096494,DT04,2,26,12.7,4,ISOL_MR,D2,R2,14
2588,2,658221,24.7080692,-82.8779897,DT04,2,26,12.3,4,CONT_LR,D2,R2,14
2589,2,361977,24.5970078,-82.9148383,DT04,2,26,18.7,4,ISOL_MR,D2,R2,14
2590,2,408080,24.6107272,-82.936279,DT04,2,26,16.7,4,ISOL_HR,D2,R2,14
2591,2,490642,24.6365904,-82.8171598,DT04,2,26,12.9,4,ISOL_MR,D2,R2,14
2592,2,615511,24.6800386,-82.9170929,DT04,2,26,18,4,ISOL_LR,D2,R2,14
2593,2,615689,24.6811357,-82.8291685,DT04,2,26,14,4,ISOL_MR,D2,R2,14
2594,2,358993,24.5956488,-82.9503642,DT04,2,26,17.3,4,ISOL_LR,D2,R2,14
2595,2,664304,24.7119635,-82.8913908,DT04,2,26,16.9,4,CONT_LR,D2,R2,14
2596,2,278880,24.5692817,-82.9297182,DT04,2,26,14.8,4,CONT_LR,D2,R2,14
2597,2,522945,24.6443908,-82.9511208,DT04,2,26,18.9,4,CONT_LR,D2,R2,14
2598,2,318392,24.5832603,-82.8953764,DT04,2,26,13.2,4,CONT_LR,D2,R2,14
2599,2,626755,24.6875109,-82.8974444,DT04,2,26,13.1,4,CONT_LR,D2,R2,14
2600,2,566764,24.6572765,-82.9320573,DT04,2,26,14.7,4,CONT_LR,D2,R2,14
2601,2,326493,24.5850631,-82.9659972,DT04,2,26,15.4,4,ISOL_MR,D2,R2,14
2602,2,277637,24.5690005,-82.9163867,DT04,2,26,14,4,CONT_LR,D2,R2,14
2603,2,538553,24.6490063,-82.94329,DT04,2,26,15.8,4,CONT_LR,D2,R2,14
2604,2,654713,24.7052999,-82.9184678,DT04,2,26,18.5,4,CONT_MR,D2,R2,14
2605,2,606684,24.6758209,-82.783145,DT04,2,26,12.2,4,CONT_LR,D2,R2,14
2606,2,289161,24.5730875,-82.9144744,DT04,2,26,16.8,4,CONT_MR,D2,R2,14
2607,2,557652,24.6564243,-82.7818813,DT04,2,26,13.6,4,SPGR_HR,D2,R2,14
2608,2,361880,24.596391,-82.9627183,DT04,2,26,15.7,4,ISOL_MR,D2,R2,14
2609,2,624613,24.6858806,-82.9191585,DT04,2,26,15.8,4,CONT_LR,D2,R2,14
2610,2,343287,24.5907992,-82.9414028,DT04,2,26,14.6,4,CONT_MR,D2,R2,14
2611,2,638646,24.6949133,-82.9188028,DT04,2,26,15.9,4,CONT_LR,D2,R2,14
2612,2,666305,24.7132613,-82.895858,DT04,2,26,17.6,4,CONT_LR,D2,R2,14
2613,2,687091,24.7288855,-82.8002113,DT04,2,26,17.9,4,CONT_MR,D2,R2,14
2614,2,646409,24.7001104,-82.9006,DT04,2,26,14.7,4,CONT_LR,D2,R2,14
2615,2,672996,24.718214,-82.860845,DT04,2,26,15.8,4,CONT_LR,D2,R2,14
2616,2,495030,24.6364014,-82.9406256,DT04,2,26,15.5,4,CONT_LR,D2,R2,14
2617,2,600797,24.6705609,-82.916948,DT04,2,26,12.8,4,ISOL_LR,D2,R2,14
2618,2,350362,24.5930239,-82.9439056,DT04,2,26,16.7,4,CONT_MR,D2,R2,14
2619,2,303639,24.5782646,-82.8977694,DT04,2,26,12,4,CONT_LR,D2,R2,14
2620,2,624594,24.6857603,-82.9285438,DT04,2,26,16.7,4,CONT_LR,D2,R2,14
2621,2,676382,24.7213132,-82.7917005,DT05,2,0,14,4,SPGR_LR,D2,R3,15
2622,2,686484,24.7284994,-82.794769,DT05,2,0,18,4,CONT_LR,D2,R3,15
2623,2,688334,24.7299007,-82.790835,DT05,2,0,18.5,4,CONT_LR,D2,R3,15
2624,2,286453,24.5714075,-82.9746688,DT05,2,0,19.2,4,ISOL_LR,D2,R3,15
2625,2,257611,24.5615649,-82.933055,DT05,2,0,14,4,ISOL_LR,D2,R3,15
2626,2,299526,24.5759917,-82.9693109,DT05,2,0,20.6,4,ISOL_LR,D2,R3,15
2627,2,333403,24.5871515,-82.978865,DT05,2,0,13.3,4,ISOL_LR,D2,R4,15
2628,2,268827,24.5658788,-82.9133777,DT05,2,0,12.3,4,CONT_LR,D2,R4,15
2629,2,671144,24.7175484,-82.804496,DT05,2,26,14.2,4,SPGR_LR,D2,R3,16
2630,2,677616,24.7218707,-82.8203735,DT05,2,26,16,4,CONT_HR,D2,R4,16
2631,2,676941,24.7212447,-82.8346967,DT05,2,26,14.9,4,SPGR_HR,D2,R4,16
2632,2,583019,24.6622473,-82.9316399,DT05,2,26,16.5,4,CONT_HR,D2,R4,16
2633,2,393068,24.6061121,-82.9441078,DT05,2,26,17.7,4,ISOL_HR,D2,R4,16
2634,2,356175,24.5952151,-82.9138236,DT05,2,26,12.1,4,ISOL_HR,D2,R4,16
2635,2,594292,24.6669188,-82.9193622,DT05,2,26,12.1,4,CONT_LR,D2,R3,16
2636,2,590332,24.6658103,-82.8640186,DT05,2,26,12.7,4,ISOL_LR,D2,R3,16
2637,2,679519,24.7231587,-82.8258287,DT05,2,26,16.8,4,CONT_HR,D2,R4,16
2638,2,655450,24.7060464,-82.8952545,DT05,2,26,15.1,4,CONT_LR,D2,R3,16
2639,2,526061,24.6452934,-82.9511348,DT05,2,26,19.1,4,CONT_LR,D2,R3,16
2640,2,529518,24.6482882,-82.7827537,DT05,2,26,21,4,CONT_MR,D2,R4,16
2641,2,636552,24.693635,-82.9128541,DT05,2,26,13.7,4,CONT_MR,D2,R3,16
2642,2,562073,24.6560429,-82.9226534,DT05,2,26,12.7,4,CONT_LR,D2,R3,16
2643,2,466044,24.6295234,-82.8042172,DT05,2,26,15.1,4,SPGR_HR,D2,R3,16
2644,2,574839,24.6613951,-82.7814579,DT05,2,26,14.9,4,ISOL_MR,D2,R3,16
2645,2,681471,24.7248353,-82.7991645,DT05,2,26,15.8,4,CONT_MR,D2,R3,16
2646,2,543265,24.6505258,-82.9304716,DT05,2,26,13.4,4,CONT_LR,D2,R3,16
2647,2,516741,24.6426879,-82.9431922,DT05,2,26,15.9,4,CONT_LR,D2,R3,16
2648,2,490532,24.635924,-82.8714768,DT05,2,26,12.5,4,REEF_HR,D2,R4,16
2649,2,672359,24.7178422,-82.8544149,DT05,2,26,14,4,CONT_LR,D2,R3,16
2650,2,421632,24.6145207,-82.957076,DT05,2,26,13.9,4,ISOL_HR,D2,R3,16
2651,2,673659,24.7187449,-82.8544283,DT05,2,26,14.5,4,CONT_LR,D2,R3,16
2652,2,631625,24.690419,-82.9172517,DT05,2,26,15,4,CONT_LR,D2,R3,16
2653,2,580350,24.6614398,-82.924218,DT05,2,26,13.7,4,CONT_LR,D2,R3,16
2654,2,430810,24.6179004,-82.9047867,DT05,2,26,12.5,4,CONT_MR,D2,R4,16
2655,2,608513,24.6755381,-82.916036,DT05,2,26,12.3,4,CONT_LR,D2,R3,16
2656,2,314317,24.5818379,-82.9007852,DT05,2,26,12.3,4,CONT_LR,D2,R3,16
2657,2,251485,24.5592195,-82.9399289,DT06,2,0,19.1,4,CONT_LR,D2,RU,17
2658,2,219694,24.5471415,-82.9313533,DT06,2,0,20,4,CONT_LR,D2,RU,17
2659,2,241802,24.5553728,-82.9581308,DT06,2,0,21.1,4,CONT_LR,D2,RU,17
2660,2,690761,24.7317709,-82.7854249,DT06,2,0,20.1,4,CONT_LR,D2,RU,17
2661,2,250279,24.5588063,-82.9369612,DT06,2,0,17.4,4,CONT_LR,D2,RU,17
2662,2,252664,24.5594346,-82.9581939,DT06,2,0,21.8,4,CONT_LR,D2,RU,17
2663,2,217375,24.5459655,-82.9525561,DT06,2,0,19.3,4,CONT_LR,D2,RU,17
2664,2,220812,24.5474279,-82.9441891,DT06,2,0,20.6,4,ISOL_MR,D2,RU,17
2665,2,672505,24.718717,-82.7822732,DT06,2,0,16.7,4,SPGR_LR,D2,RU,17
2666,2,251474,24.5591495,-82.945357,DT06,2,0,20.2,4,CONT_LR,D2,RU,17
2667,2,647051,24.7001833,-82.9302482,DT06,2,26,17.3,4,CONT_LR,D2,RU,18
2668,2,623505,24.6867762,-82.772925,DT06,2,26,18.1,4,CONT_MR,D2,RU,18
2669,2,455161,24.6252402,-82.8955153,DT06,2,26,12,4,ISOL_MR,D2,RU,18
2670,2,423216,24.6154177,-82.9225253,DT06,2,26,16,4,ISOL_MR,D2,RU,18
2671,2,577501,24.6604039,-82.9345753,DT06,2,26,20.6,4,CONT_HR,D2,RU,18
2672,2,671625,24.7169218,-82.8919599,DT06,2,26,17.5,4,CONT_HR,D2,RU,18
2673,2,555754,24.6539388,-82.945836,DT06,2,26,20.9,4,ISOL_MR,D2,RU,18
2674,2,645648,24.699287,-82.9297403,DT06,2,26,18.1,4,CONT_LR,D2,RU,18
2675,2,677525,24.7213181,-82.8653391,DT06,2,26,20,4,CONT_LR,D2,RU,18
2676,2,468810,24.6285628,-82.953344,DT06,2,26,20.3,4,CONT_LR,D2,RU,18
2677,2,681427,24.7245728,-82.8209071,DT06,2,26,14.6,4,ISOL_MR,D2,RU,18
2678,2,283918,24.5707047,-82.9593562,DT06,2,26,21.2,4,ISOL_LR,D2,RU,18
2679,2,265094,24.5646187,-82.9059548,DT07,2,0,26.1,4,CONT_LR,D3,R1,19
2680,2,294240,24.5740181,-82.9821139,DT07,2,0,23.8,4,ISOL_LR,D3,R2,19
2681,2,299477,24.5756735,-82.9934931,DT07,2,0,24.8,4,ISOL_LR,D3,R1,19
2682,2,320938,24.5829662,-82.9881785,DT07,2,0,22.2,4,ISOL_MR,D3,R1,19
2683,2,256434,24.5614344,-82.9078809,DT07,2,0,27,4,CONT_LR,D3,R1,19
2684,2,292911,24.5734562,-82.9904964,DT07,2,0,26.2,4,ISOL_LR,D3,R1,19
2685,2,282603,24.5700277,-82.9766216,DT07,2,0,22.9,4,ISOL_LR,D3,R1,19
2686,2,554167,24.6533528,-82.9561994,DT07,2,26,29,4,CONT_HR,D3,R1,20
2687,2,274990,24.5673651,-82.9731247,DT08,2,0,23.3,4,ISOL_MR,D3,R4,21
2688,2,283859,24.5703231,-82.9884725,DT08,2,0,26.9,4,REEF_HR,D3,R4,21
2689,2,445823,24.6213467,-82.9873039,DT08,2,0,29.8,4,REEF_HR,D3,R4,21
2690,2,287738,24.5718264,-82.9771434,DT08,2,0,22.5,4,ISOL_LR,D3,R4,21
2691,2,263699,24.5632062,-82.9804631,DT08,2,0,24.9,4,REEF_HR,D3,R4,21
2692,2,266244,24.5644504,-82.9543232,DT08,2,0,22.6,4,ISOL_MR,D3,R3,21
2693,2,391465,24.6049821,-82.9959323,DT08,2,0,28.3,4,CONT_HR,D3,R4,21
2694,2,406453,24.6094952,-82.996004,DT08,2,0,31.7,4,REEF_MR,D3,R3,21
2695,2,554171,24.6533785,-82.9542241,DT08,2,26,22.3,4,CONT_HR,D3,R4,22
2696,2,571451,24.6584839,-82.9434367,DT08,2,26,22.5,4,ISOL_HR,D3,R4,22
2697,2,689566,24.7309211,-82.7809643,DT09,2,0,24.6,4,CONT_MR,D3,RU,23
2698,2,677699,24.7223631,-82.7793598,DT09,2,0,22.4,4,CONT_MR,D3,RU,23
2699,2,663192,24.712486,-82.7747716,DT09,2,0,24,4,CONT_LR,D3,RU,23
2700,2,213977,24.544586,-82.9545088,DT09,2,0,22.3,4,ISOL_MR,D3,RU,23
2701,2,270005,24.5658619,-82.9499029,DT09,2,0,22.2,4,ISOL_LR,D3,RU,23
2702,2,697089,24.7366414,-82.793403,DT09,2,0,25.1,4,CONT_MR,D3,RU,23
2703,2,241791,24.5553021,-82.9635586,DT09,2,0,24.7,4,CONT_LR,D3,RU,23
2704,2,665208,24.7138283,-82.775779,DT09,2,0,24.6,4,CONT_MR,D3,RU,23
2705,2,507732,24.641887,-82.7895775,DT09,2,26,22,4,SPGR_HR,D3,RU,24
2706,2,581667,24.6617324,-82.9365716,DT09,2,26,25.4,4,ISOL_HR,D3,RU,24
2707,2,526052,24.6452357,-82.955579,DT09,2,26,22,4,CONT_LR,D3,RU,24
2708,2,292973,24.5738575,-82.9598989,DT09,2,26,22.3,4,ISOL_MR,D3,RU,24
2709,2,574511,24.6593865,-82.9434507,DT09,2,26,26.8,4,CONT_MR,D3,RU,24
2710,2,521375,24.6438624,-82.9570393,DT09,2,26,23.2,4,CONT_LR,D3,RU,24
2711,2,617197,24.6827024,-82.7738555,DT09,2,26,22.3,4,SPGR_HR,D3,RU,24
2712,2,569898,24.658141,-82.9350343,DT09,2,26,22.8,4,CONT_HR,D3,RU,24
2713,2,470430,24.6295598,-82.9108896,DT09,2,26,22.1,4,ISOL_MR,D3,RU,24
2714,2,574524,24.6594695,-82.9370306,DT09,2,26,25.8,4,ISOL_HR,D3,RU,24
2715,2,554173,24.6533914,-82.9532364,DT09,2,26,22.5,4,CONT_LR,D3,RU,24
2716,2,675551,24.7197417,-82.8831069,DT09,2,26,24.3,4,CONT_LR,D3,RU,24
2717,2,526035,24.6451262,-82.9639735,DT09,2,26,22,4,CONT_LR,D3,RU,24
2718,2,476469,24.6306714,-82.9647351,DT09,2,26,23.2,4,ISOL_MR,D3,RU,24
2719,2,683937,24.7263421,-82.8238983,DT09,2,26,22.6,4,CONT_MR,D3,RU,24
